epoch,train_loss,val_accuracy,f1_score,recall,epoch_time,memory_usage
1,2.082799232006073,0.125,0.02777777777777778,0.125,20.303160429000854,2061.58984375
2,2.0811456084251403,0.15,0.09635416666666666,0.15,26.767927885055542,2063.25390625
3,2.072872352600098,0.175,0.07043650793650794,0.175,24.46579933166504,2062.76171875
4,2.064755380153656,0.275,0.198989898989899,0.275,28.63947606086731,2062.40625
5,2.041411429643631,0.4,0.35426517926517925,0.4,25.408063411712646,2062.59375
6,2.034685009717941,0.275,0.20833333333333331,0.275,27.741381406784058,2062.52734375
7,2.011165177822113,0.375,0.3440656565656566,0.375,25.37561583518982,2062.47265625
