epoch,train_loss,val_accuracy,f1_score,recall,epoch_time,memory_usage
1,2.0898774027824403,0.175,0.12286324786324787,0.175,233.50718784332275,2581.015625
2,2.0711401224136354,0.15,0.06330128205128205,0.15,226.02341866493225,2585.96875
3,2.0677987039089203,0.275,0.232155910609858,0.275,228.60814785957336,2268.51953125
4,1.9942097067832947,0.35,0.2885551948051948,0.35,165.96703577041626,2276.078125
5,1.9411176204681397,0.25,0.2112663906142167,0.25,170.36095905303955,2036.859375
